id,full_name,email,gender,phone,university,major,degree_type,graduation_year,current_location,languages_known,social_links_linkedin,social_links_github,social_links_portfolio,internship_preferences_internship_type,internship_preferences_preferred_locations,internship_preferences_roles_interested_in,internship_preferences_relocation_preference,internship_preferences_open_to_non_technical,skills_professional_skills,skills_projects,skills_certifications,skills_coding_profiles_github_username,skills_coding_profiles_github_repos,skills_coding_profiles_github_stars,skills_coding_profiles_github_contributions_last_year,skills_coding_profiles_leetcode_username,skills_coding_profiles_leetcode_problems_solved,skills_coding_profiles_leetcode_rating,skills_coding_profiles_kaggle_username,skills_coding_profiles_kaggle_rank,skills_coding_profiles_kaggle_competitions,intelligence_certification_filter,intelligence_expected_stipend_range_inr,intelligence_assessment_scores_aptitude,intelligence_assessment_scores_coding,intelligence_assessment_scores_communication,intelligence_assessment_scores_domain_knowledge,intelligence_experience_level,intelligence_soft_skills,social_links_kaggle,social_links_dribbble,skills_coding_profiles_codeforces_username,skills_coding_profiles_codeforces_rating,skills_coding_profiles_codeforces_rank,social_links_behance,skills_coding_profiles_hackthebox_username,skills_coding_profiles_hackthebox_rank,skills_coding_profiles_hackthebox_badges,social_links_medium,social_links_scholar,skills_coding_profiles_arxiv_papers,skills_coding_profiles_arxiv_citations,social_links_codeforces,social_links_huggingface,skills_coding_profiles_huggingface_models_uploaded,skills_coding_profiles_huggingface_spaces_created,skills_coding_profiles_huggingface_likes
1,Aryan Mehta,aryan.mehta@gmail.com,Male,+91-9876543210,IIT Bombay,Computer Science & Engineering,B.Tech,2025,"Mumbai, Maharashtra",English | Hindi | Marathi,linkedin.com/in/aryanmehta,github.com/aryanmehta,aryanmehta.dev,Full-time Internship,Bangalore | Mumbai | Remote,ML Engineer Intern | AI Research Intern | Data Scientist Intern,True,False,Python | TensorFlow | PyTorch | Scikit-learn | NLP | Computer Vision | SQL | Docker,"{""title"": ""Real-time Sentiment Analysis Pipeline"", ""description"": ""Built end-to-end NLP pipeline processing 10K tweets/min using BERT"", ""tech_stack"": [""Python"", ""BERT"", ""Kafka"", ""FastAPI""]} | {""title"": ""Medical Image Segmentation"", ""description"": ""U-Net based model for tumor detection achieving 94% accuracy"", ""tech_stack"": [""PyTorch"", ""OpenCV"", ""NumPy""]}",Google TensorFlow Developer Certificate | AWS Machine Learning Specialty | Deep Learning Specialization - Coursera,aryanmehta,42,310,847,aryan_m,412,1923,aryanmehta,Expert,8,Google | AWS | Coursera,50000-80000,92,88,85,91,Intermediate,Problem Solving | Team Collaboration | Research Aptitude | Technical Writing,,,,,,,,,,,,,,,,,,
2,Priya Sharma,priya.sharma2024@vit.ac.in,Female,+91-8765432109,VIT University,Information Technology,B.Tech,2026,"Vellore, Tamil Nadu",English | Hindi | Tamil,linkedin.com/in/priyasharma-vit,github.com/priya-sharma-dev,,Summer Internship,Chennai | Hyderabad | Remote,Frontend Developer Intern | Full Stack Intern | UI Developer Intern,True,True,React.js | JavaScript | TypeScript | HTML/CSS | Node.js | Tailwind CSS | Figma | Git,"{""title"": ""EduTrack - Student Progress Dashboard"", ""description"": ""React-based dashboard with real-time analytics for 500+ students"", ""tech_stack"": [""React"", ""Firebase"", ""Chart.js"", ""Tailwind""]} | {""title"": ""Recipe Sharing Platform"", ""description"": ""Full-stack app with social features and recipe recommendations"", ""tech_stack"": [""Node.js"", ""MongoDB"", ""React"", ""Express""]}",Meta Frontend Developer Certificate | freeCodeCamp Responsive Web Design,priya-sharma-dev,28,145,523,priya_codes,178,1456,,,,Meta | freeCodeCamp,20000-35000,78,74,88,80,Beginner,Creativity | Attention to Detail | Communication | Team Player,,,,,,,,,,,,,,,,,,
3,Rohan Verma,rohanv@bits-pilani.ac.in,Male,+91-9988776655,BITS Pilani,Computer Science,B.E.,2025,"Pilani, Rajasthan",English | Hindi,linkedin.com/in/rohan-verma-bits,github.com/rohanverma99,rohanv.tech,Full-time Internship,Bangalore | Pune | Remote,Cybersecurity Analyst Intern | Penetration Tester Intern | Security Engineer Intern,True,False,Python | Kali Linux | Metasploit | Wireshark | Burp Suite | Network Security | OSINT | CTF,"{""title"": ""Automated Vulnerability Scanner"", ""description"": ""Python tool that automates OWASP Top 10 vulnerability detection for web apps"", ""tech_stack"": [""Python"", ""Nmap"", ""SQLMap"", ""BeautifulSoup""]} | {""title"": ""Honeypot Network Simulation"", ""description"": ""Simulated enterprise network with honeypots to capture attacker behavior"", ""tech_stack"": [""Linux"", ""Docker"", ""Snort"", ""ELK Stack""]}",CompTIA Security+ | CEH - Certified Ethical Hacker | TryHackMe Top 1%,rohanverma99,35,289,612,rohan_v,234,1678,,,,CompTIA | EC-Council | TryHackMe,40000-65000,85,82,76,93,Intermediate,Analytical Thinking | Ethical Judgment | Persistence | Attention to Detail,,,,,,,,,,,,,,,,,,
4,Aisha Qureshi,aisha.qureshi@nitk.edu.in,Female,+91-7654321098,NIT Karnataka,Electronics & Communication Engineering,B.Tech,2026,"Surathkal, Karnataka",English | Urdu | Kannada | Hindi,linkedin.com/in/aisha-qureshi-nitk,,,Research Internship,Bangalore | Hyderabad | Remote,Data Science Intern | ML Research Intern | Analytics Intern,False,False,Python | R | Pandas | NumPy | Matplotlib | Seaborn | Power BI | Statistics,"{""title"": ""Crop Yield Prediction using Satellite Imagery"", ""description"": ""ML model predicting crop yield with 87% accuracy using multispectral data"", ""tech_stack"": [""Python"", ""Scikit-learn"", ""GDAL"", ""XGBoost""]} | {""title"": ""Customer Churn Analysis Dashboard"", ""description"": ""Interactive Power BI dashboard with churn prediction model"", ""tech_stack"": [""Python"", ""Power BI"", ""SQL"", ""Logistic Regression""]}",IBM Data Science Professional Certificate | Google Data Analytics Certificate,aisha-qureshi,18,67,298,,,,aishaqureshi,Contributor,5,IBM | Google,25000-40000,82,69,84,85,Beginner,Data Storytelling | Curiosity | Research Aptitude | Presentation Skills,kaggle.com/aishaqureshi,,,,,,,,,,,,,,,,,
5,Kiran Raj,kiranraj.design@gmail.com,Male,+91-9123456789,Manipal Institute of Technology,Computer Science,B.Tech,2025,"Manipal, Karnataka",English | Kannada | Hindi,linkedin.com/in/kiranraj-ux,,kiran.design,Full-time Internship,Bangalore | Mumbai | Remote,UI/UX Designer Intern | Product Designer Intern | Interaction Designer Intern,True,True,Figma | Adobe XD | Sketch | Prototyping | User Research | Wireframing | Design Systems | HTML/CSS,"{""title"": ""HealthBridge App Redesign"", ""description"": ""Complete UX overhaul reducing user drop-off by 40%, featured on Dribbble"", ""tech_stack"": [""Figma"", ""Maze"", ""Hotjar""]} | {""title"": ""EcoCart - Sustainable Shopping App"", ""description"": ""End-to-end designed mobile app for eco-conscious shoppers, 2000+ Figma community views"", ""tech_stack"": [""Figma"", ""Principle"", ""UserTesting""]}",Google UX Design Certificate | Interaction Design Foundation - UX Research,kiranraj-dev,12,43,134,,,,,,,Google | IDF,20000-35000,74,48,92,87,Intermediate,Empathy | Visual Thinking | User Advocacy | Storytelling,,dribbble.com/kiranraj,,,,,,,,,,,,,,,,
6,Sneha Pillai,sneha.pillai@iitm.ac.in,Female,+91-8901234567,IIT Madras,Data Science,B.S.,2026,"Chennai, Tamil Nadu",English | Malayalam | Tamil | Hindi,linkedin.com/in/sneha-pillai-ds,github.com/snehapillai,,Research Internship,Chennai | Bangalore | USA (Remote),Data Science Intern | Research Analyst Intern | AI/ML Intern,True,False,Python | Julia | R | TensorFlow | Statistics | Time Series Analysis | NLP | Spark,"{""title"": ""Stock Market Forecasting with LSTM"", ""description"": ""Multi-variate LSTM model achieving 12% better RMSE than ARIMA baseline"", ""tech_stack"": [""Python"", ""TensorFlow"", ""yFinance"", ""Plotly""]} | {""title"": ""COVID-19 Spread Simulation"", ""description"": ""Agent-based epidemic model published in college journal"", ""tech_stack"": [""Python"", ""Mesa"", ""NetworkX"", ""Matplotlib""]}",DeepLearning.AI TensorFlow Developer | Stanford ML Specialization (Coursera) | Kaggle ML Intermediate,snehapillai,31,198,704,sneha_pillai,287,1789,snehapillai,Expert,12,DeepLearning.AI | Stanford | Kaggle,45000-70000,94,86,82,92,Advanced,Research Aptitude | Critical Thinking | Self-Learning | Academic Writing,kaggle.com/snehapillai,,,,,,,,,,,,,,,,,
7,Vikram Nair,vikramnair@amrita.edu,Male,+91-7890123456,Amrita Vishwa Vidyapeetham,Computer Science & Engineering,B.Tech,2025,"Coimbatore, Tamil Nadu",English | Malayalam | Tamil,linkedin.com/in/vikram-nair-cloud,github.com/vikramnair-cloud,,Full-time Internship,Hyderabad | Bangalore | Remote,Cloud Engineer Intern | DevOps Intern | Site Reliability Engineer Intern,True,False,AWS | Azure | Terraform | Kubernetes | Docker | CI/CD | Linux | Python | Ansible,"{""title"": ""Multi-Cloud Infrastructure Automation"", ""description"": ""Terraform IaC for deploying microservices across AWS and Azure, 60% cost reduction"", ""tech_stack"": [""Terraform"", ""AWS"", ""Azure"", ""GitHub Actions""]} | {""title"": ""K8s Monitoring Dashboard"", ""description"": ""Custom Grafana dashboards for Kubernetes cluster health monitoring"", ""tech_stack"": [""Kubernetes"", ""Prometheus"", ""Grafana"", ""Helm""]}",AWS Solutions Architect Associate | Azure Fundamentals AZ-900 | CKA - Certified Kubernetes Administrator,vikramnair-cloud,45,234,891,,,,,,,AWS | Microsoft | CNCF,35000-55000,80,77,78,89,Intermediate,Problem Solving | Documentation | Process Orientation | Reliability Focus,,,,,,,,,,,,,,,,,,
8,Divya Krishnan,divya.k@srmist.edu.in,Female,,SRM Institute of Science and Technology,Information Technology,B.Tech,2026,"Chennai, Tamil Nadu",English | Tamil,linkedin.com/in/divyakrishnan-pm,,,Summer Internship,Chennai | Remote,Product Management Intern | Business Analyst Intern,False,True,Product Roadmapping | Jira | Figma (Basic) | Market Research | SQL (Basic) | Google Analytics | User Stories,"{""title"": ""Campus Food Delivery App - PM Simulation"", ""description"": ""Led cross-functional team of 6, defined PRD and launched MVP in 8 weeks"", ""tech_stack"": [""Notion"", ""Figma"", ""Jira""]}",Google Project Management Certificate | Product School - Free Micro-Certification,,,,,,,,,,,Google | Product School,15000-25000,76,32,91,72,Beginner,Leadership | Communication | Stakeholder Management | Strategic Thinking,,,,,,,,,,,,,,,,,,
9,Nikhil Agarwal,nikhil.agarwal@dtu.ac.in,Male,+91-9765432108,Delhi Technological University,Software Engineering,B.Tech,2025,"Delhi, NCR",English | Hindi,linkedin.com/in/nikhil-agarwal-dev,github.com/nikhilagarwal,nikhil.codes,Full-time Internship,Bangalore | Delhi | Hyderabad | Remote,Backend Engineer Intern | Full Stack Developer Intern | Software Engineer Intern,True,False,Java | Spring Boot | Python | FastAPI | PostgreSQL | Redis | Kafka | Docker | Microservices,"{""title"": ""Distributed Task Queue System"", ""description"": ""Redis + Kafka based task scheduler handling 50K jobs/day, open-source 300+ stars"", ""tech_stack"": [""Python"", ""Redis"", ""Kafka"", ""FastAPI"", ""PostgreSQL""]} | {""title"": ""Real Estate Price Predictor API"", ""description"": ""REST API with ML model integration for Delhi NCR property pricing"", ""tech_stack"": [""Spring Boot"", ""Python"", ""scikit-learn"", ""Docker""]}",Oracle Java SE 11 Developer | MongoDB Associate Developer,nikhilagarwal,58,412,1043,nikhil_a99,523,2104,,,,Oracle | MongoDB,50000-80000,89,95,79,90,Advanced,System Design Thinking | Code Review | Mentoring | Technical Leadership,,,nikhil_cf,1734,Expert,,,,,,,,,,,,,
10,Pooja Reddy,pooja.reddy@gitam.edu,Female,+91-8234567890,GITAM University,Computer Science,B.Tech,2026,"Hyderabad, Telangana",English | Telugu | Hindi,linkedin.com/in/pooja-reddy-ml,github.com/poojareddy-ml,,Summer Internship,Hyderabad | Bangalore | Remote,ML Engineer Intern | Data Analyst Intern | Python Developer Intern,False,False,Python | Machine Learning | Pandas | Scikit-learn | MySQL | Tableau | Flask,"{""title"": ""Fake News Detection System"", ""description"": ""NLP model to classify news articles with 91% accuracy using TF-IDF + SVM"", ""tech_stack"": [""Python"", ""NLTK"", ""Scikit-learn"", ""Flask""]} | {""title"": ""E-commerce Sales Analytics"", ""description"": ""Tableau dashboard revealing $2M in untapped revenue opportunities"", ""tech_stack"": [""Tableau"", ""MySQL"", ""Python""]}",IBM Data Science Professional | HackerRank Python (Gold),poojareddy-ml,22,88,367,,,,poojareddy,Contributor,3,IBM | HackerRank,20000-35000,77,71,80,79,Beginner,Analytical Thinking | Attention to Detail | Quick Learner | Team Player,,,,,,,,,,,,,,,,,,
11,Siddharth Kapoor,sid.kapoor@iitd.ac.in,Male,+91-9345678901,IIT Delhi,Electrical Engineering with CS minor,B.Tech,2025,"Delhi, NCR",English | Hindi | German (Basic),linkedin.com/in/siddharthkapoor,github.com/sidkapoor,sidkapoor.io,Research Internship (DAAD/MITACS),Germany | Canada | USA | Remote,AI Research Intern | Robotics ML Intern | Computer Vision Intern,True,False,Python | C++ | ROS | PyTorch | Computer Vision | SLAM | OpenCV | CUDA,"{""title"": ""Autonomous Drone Navigation with RL"", ""description"": ""PPO-based RL agent for indoor drone navigation; 78% success rate in simulation"", ""tech_stack"": [""Python"", ""PyTorch"", ""ROS"", ""AirSim""]} | {""title"": ""3D Point Cloud Segmentation"", ""description"": ""PointNet++ implementation for LiDAR data segmentation, improved IoU by 8%"", ""tech_stack"": [""PyTorch"", ""Open3D"", ""CUDA"", ""C++""]}",NVIDIA Deep Learning Institute - Computer Vision | ROS Developer Certification,sidkapoor,37,445,923,sidkapoor_iitd,345,1867,,,,NVIDIA | ROS | IEEE,60000-100000,96,91,83,94,Advanced,Research Innovation | First Principles Thinking | Technical Presentation | Cross-disciplinary Thinking,,,,,,,,,,,,,,,,,,
12,Meera Iyer,meera.iyer@yahoo.com,Female,+91-8456789012,Anna University,Computer Science,B.E.,2025,"Chennai, Tamil Nadu",English | Tamil,,,,Any,Chennai | Remote,Software Developer Intern | Web Developer Intern,False,True,Java | HTML | CSS | JavaScript (Basic) | MySQL,"{""title"": ""Library Management System"", ""description"": ""Desktop app for college library with basic CRUD operations"", ""tech_stack"": [""Java"", ""Swing"", ""MySQL""]}",NPTEL Python Basics,meeraiyer,6,2,45,,,,,,,NPTEL,10000-18000,62,55,70,58,Beginner,Hardworking | Punctuality | Willingness to Learn,,,,,,,,,,,,,,,,,,
13,Aarav Joshi,aarav.joshi@kiit.ac.in,Male,+91-9567890123,KIIT University,Computer Science & Engineering,B.Tech,2025,"Bhubaneswar, Odisha",English | Hindi | Odia,linkedin.com/in/aarav-joshi-cloud,github.com/aaravjoshi-aws,,Full-time Internship,Bangalore | Hyderabad | Pune | Remote,Cloud Solutions Intern | Backend Developer Intern | Platform Engineer Intern,True,False,"AWS (EC2, S3, Lambda, ECS) | Python | Go | Terraform | CloudFormation | DynamoDB | API Gateway","{""title"": ""Serverless E-commerce Backend"", ""description"": ""AWS Lambda + API Gateway backend with auto-scaling, handling 100K req/day"", ""tech_stack"": [""AWS Lambda"", ""API Gateway"", ""DynamoDB"", ""SAM""]} | {""title"": ""Cost Optimization Dashboard"", ""description"": ""Tool that reduced AWS costs by 35% through rightsizing recommendations"", ""tech_stack"": [""Python"", ""Boto3"", ""AWS Cost Explorer"", ""React""]}",AWS Developer Associate | AWS Cloud Practitioner | HashiCorp Terraform Associate,aaravjoshi-aws,39,178,756,,,,,,,AWS | HashiCorp,35000-55000,82,79,77,86,Intermediate,Cloud-first Thinking | Documentation | Cost Awareness | Reliability,,,,,,,,,,,,,,,,,,
14,Tanvi Singh,tanvi.s@thapar.edu,Female,+91-7678901234,Thapar Institute of Engineering & Technology,Computer Engineering,B.E.,2026,"Patiala, Punjab",English | Hindi | Punjabi,linkedin.com/in/tanvi-singh-ux,,tanvisingh.design,Summer Internship,Delhi | Bangalore | Mumbai | Remote,UX Researcher Intern | Product Designer Intern | UX Designer Intern,True,True,User Research | Figma | Adobe Illustrator | Usability Testing | Information Architecture | Accessibility Design | Prototyping,"{""title"": ""Menstrual Health Tracking App for Rural Women"", ""description"": ""Research-driven UX for low-literacy users; conducted 40+ field interviews"", ""tech_stack"": [""Figma"", ""Maze"", ""Google Forms""]} | {""title"": ""Redesign of Indian Railway Booking Flow"", ""description"": ""Case study reducing booking abandonment by simulated 28%, featured on Medium"", ""tech_stack"": [""Figma"", ""FigJam"", ""Hotjar""]}",Google UX Design Professional Certificate | Nielsen Norman Group UX Certification (Basic),,,,,,,,,,,Google | Nielsen Norman,18000-30000,79,28,93,84,Intermediate,Empathy-driven Design | User Advocacy | Qualitative Research | Visual Communication,,,,,,behance.net/tanvisingh,,,,,,,,,,,,
15,Rahul Das,rahuldas@jadavpur.edu.in,Male,+91-9890123456,Jadavpur University,Computer Science & Engineering,B.E.,2025,"Kolkata, West Bengal",English | Bengali | Hindi,linkedin.com/in/rahuldas-security,github.com/rahuldas-sec,,Full-time Internship,Kolkata | Bangalore | Remote,Security Analyst Intern | Threat Intelligence Intern | SOC Analyst Intern,False,False,SIEM (Splunk) | Incident Response | Threat Hunting | Python | Malware Analysis | Forensics | MITRE ATT&CK,"{""title"": ""Phishing Campaign Detector"", ""description"": ""ML-based system detecting phishing emails with 96% precision using header analysis"", ""tech_stack"": [""Python"", ""Scikit-learn"", ""MIME"", ""SpamAssassin""]} | {""title"": ""CTF Competition Platform"", ""description"": ""Built internal CTF platform for 200+ participants with 30 custom challenges"", ""tech_stack"": [""Python"", ""Docker"", ""CTFd"", ""Linux""]}",CompTIA Security+ | Blue Team Labs Online - Gold | Splunk Core Certified,rahuldas-sec,27,156,489,,,,,,,CompTIA | Splunk | Blue Team Labs,30000-50000,83,76,74,88,Intermediate,Threat Analysis | Incident Documentation | Calm under Pressure | Systematic Thinking,,,,,,,rahul_d,Pro Hacker,18,,,,,,,,,
16,Ananya Bose,ananya.bose@presidencyuniversity.in,Female,+91-8012345678,Presidency University,Statistics,B.Sc.,2026,"Kolkata, West Bengal",English | Bengali,linkedin.com/in/ananya-bose-stats,,,Part-time / Remote,Remote | Kolkata,Data Analyst Intern | Quantitative Research Intern | Business Intelligence Intern,False,True,R | Python | Statistical Modeling | Hypothesis Testing | SPSS | Excel (Advanced) | SAS (Basic),"{""title"": ""West Bengal Election Outcome Prediction"", ""description"": ""Logistic regression model with 82% accuracy using demographic data"", ""tech_stack"": [""R"", ""ggplot2"", ""tidyverse"", ""caret""]} | {""title"": ""Consumer Behavior Analysis for FMCG Brand"", ""description"": ""Survey analysis for local FMCG company, insights led to 15% sales increase"", ""tech_stack"": [""SPSS"", ""Excel"", ""Python""]}",SAS Base Programmer | Coursera Statistics with Python,,,,,,,,ananyabose,Contributor,4,SAS | Coursera,12000-22000,84,58,82,83,Beginner,Statistical Intuition | Report Writing | Attention to Detail | Client Communication,kaggle.com/ananyabose,,,,,,,,,,,,,,,,,
17,Harsh Gupta,harshgupta@outlook.com,Male,+91-9234567890,Chandigarh University,Computer Science & Engineering,B.Tech,2025,"Chandigarh, Punjab",English | Hindi | Punjabi,linkedin.com/in/harshgupta-dev,github.com/harshgupta,,Full-time Internship,Bangalore | Hyderabad | Noida | Remote,React Developer Intern | Frontend Engineer Intern | Full Stack Intern,True,False,React.js | Next.js | JavaScript | TypeScript | GraphQL | REST APIs | MongoDB | Git,"{""title"": ""Freelance Marketplace Platform"", ""description"": ""Full-featured platform with escrow payments, real-time chat, 300+ registered users"", ""tech_stack"": [""Next.js"", ""Node.js"", ""MongoDB"", ""Stripe"", ""Socket.io""]} | {""title"": ""Open Source UI Library"", ""description"": ""200+ star GitHub library of accessible React components"", ""tech_stack"": [""React"", ""TypeScript"", ""Storybook"", ""Jest""]}",Meta React Developer Certificate | JavaScript Algorithms - freeCodeCamp,harshgupta,47,334,812,harsh_g,312,1723,,,,Meta | freeCodeCamp,30000-50000,81,84,80,82,Intermediate,Open Source Contribution | Code Quality | Documentation | Peer Review,,,,,,,,,,,,,,,,,,
18,Ishaan Malhotra,ishaan.m@pec.edu.in,Male,+91-7456789012,Punjab Engineering College,Computer Science,B.Tech,2026,"Chandigarh, Punjab",English | Hindi,,github.com/ishaanmalhotra,,Summer Internship,Remote | Delhi | Chandigarh,Backend Developer Intern | API Developer Intern,False,False,Python | Django | DRF | PostgreSQL | Redis | Celery | Linux,"{""title"": ""Personal Finance Tracker API"", ""description"": ""RESTful API with JWT auth, expense categorization and budgeting features"", ""tech_stack"": [""Django"", ""PostgreSQL"", ""Redis"", ""Docker""]}",,ishaanmalhotra,14,29,203,ishaan_m,145,1389,,,,,15000-25000,71,68,66,70,Beginner,Self-learning | Code Reading | Debugging | Basic Documentation,,,,,,,,,,,,,,,,,,
19,Nandita Rao,nandita.rao@bmsce.ac.in,Female,+91-9345678902,BMS College of Engineering,AI & Machine Learning,B.E.,2026,"Bangalore, Karnataka",English | Kannada | Telugu | Hindi,linkedin.com/in/nandita-rao-aiml,github.com/nanditarao,,Summer Internship,Bangalore | Remote,AI Engineer Intern | NLP Researcher Intern | Computer Vision Intern,False,False,Python | PyTorch | HuggingFace Transformers | LLMs | LangChain | OpenCV | FastAPI,"{""title"": ""LLM-powered Legal Document Summarizer"", ""description"": ""RAG-based system using LangChain and local LLM for 10x faster legal document review"", ""tech_stack"": [""Python"", ""LangChain"", ""ChromaDB"", ""Ollama"", ""FastAPI""]} | {""title"": ""Sign Language to Text Converter"", ""description"": ""Real-time CNN model converting ISL gestures to text; 89% accuracy on 50-gesture vocab"", ""tech_stack"": [""PyTorch"", ""OpenCV"", ""MediaPipe"", ""Streamlit""]}",Hugging Face NLP Course | fast.ai Deep Learning | Google ML Crash Course,nanditarao,33,267,634,,,,nanditarao,Expert,9,Hugging Face | fast.ai | Google,35000-55000,87,83,79,90,Intermediate,Research Synthesis | Rapid Prototyping | Curiosity-driven Learning | Cross-functional Collaboration,kaggle.com/nanditarao,,,,,,,,,,,,,,,,,
20,Vivek Tiwari,vivek.tiwari@lnmiit.ac.in,Male,+91-8567890123,LNMIIT Jaipur,Computer Science,B.Tech,2025,"Jaipur, Rajasthan",English | Hindi,linkedin.com/in/vivektiwari-backend,github.com/vivektiwari,,Full-time Internship,Bangalore | Noida | Jaipur | Remote,Backend Developer Intern | DevOps Intern | Cloud Engineer Intern,True,False,Node.js | Express.js | TypeScript | AWS | MongoDB | Docker | GitHub Actions | Jest,"{""title"": ""Multi-tenant SaaS Boilerplate"", ""description"": ""Production-ready Node.js SaaS template with auth, billing, and team management; 500+ GitHub stars"", ""tech_stack"": [""Node.js"", ""TypeScript"", ""PostgreSQL"", ""Stripe"", ""AWS""]} | {""title"": ""Distributed URL Shortener"", ""description"": ""High-throughput URL shortener with Redis caching, handling 1M req/day in load tests"", ""tech_stack"": [""Node.js"", ""Redis"", ""MongoDB"", ""Docker"", ""Nginx""]}",AWS Developer Associate | Node.js Application Development - Linux Foundation,vivektiwari,52,587,967,vivek_t,398,1912,,,,AWS | Linux Foundation,45000-70000,86,90,78,87,Advanced,Architecture Thinking | Open Source Community | Technical Blogging | Code Ownership,,,,,,,,,,,,,,,,,,
21,Shruti Desai,shrutidesai@nirmauni.ac.in,Female,+91-9678901234,Nirma University,Computer Science & Engineering,B.Tech,2026,"Ahmedabad, Gujarat",English | Gujarati | Hindi,linkedin.com/in/shruti-desai-product,,shrutidesai.notion.site,Summer Internship,Ahmedabad | Bangalore | Remote,Product Management Intern | Growth Analyst Intern | Strategy Intern,True,True,Product Strategy | User Research | SQL | Mixpanel | A/B Testing | Excel | Notion | Figma (Basic),"{""title"": ""Hyperlocal Grocery Startup - Product Intern Simulation"", ""description"": ""Defined go-to-market strategy; created 25-page PRD, reduced delivery time metric by 18% in prototype"", ""tech_stack"": [""Notion"", ""Mixpanel"", ""SQL"", ""Figma""]} | {""title"": ""College App Feedback Loop System"", ""description"": ""Built feedback collection system for college canteen, processed 500+ responses monthly"", ""tech_stack"": [""Google Forms"", ""Sheets"", ""AppScript""]}",Reforge Growth Series (Scholarship) | Google Analytics 4 Certificate,,,,,,,,,,,Reforge | Google,18000-30000,82,42,90,76,Beginner,Strategic Thinking | Data-driven Decision Making | Cross-functional Leadership | Storytelling,,,,,,,,,,,,,,,,,,
22,Mohit Choudhary,mohit.choudhary@bennett.edu.in,Male,+91-7890123457,Bennett University,Computer Science,B.Tech,2025,"Greater Noida, UP",English | Hindi,linkedin.com/in/mohitchoudhary,github.com/mohitchoudhary,,Full-time Internship,Delhi NCR | Remote,Software Engineer Intern | Java Developer Intern,False,False,Java | Spring Boot | MySQL | HTML | CSS | JavaScript (Basic),"{""title"": ""Hospital Management System"", ""description"": ""Web app for patient records and appointment scheduling for local clinic"", ""tech_stack"": [""Spring Boot"", ""MySQL"", ""Thymeleaf""]} | {""title"": ""Online Quiz Platform"", ""description"": ""Timed quiz platform for college use with admin panel"", ""tech_stack"": [""Java"", ""Spring Boot"", ""MySQL"", ""Bootstrap""]}",Oracle Java Foundations | NPTEL Data Structures,mohitchoudhary,11,12,148,mohit_c,89,1201,,,,Oracle | NPTEL,12000-20000,67,61,69,65,Beginner,Sincerity | Team Player | Willingness to Learn | Time Management,,,,,,,,,,,,,,,,,,
23,Kavya Menon,kavya.menon@cusat.ac.in,Female,+91-9901234568,Cochin University of Science and Technology,Computer Science & Engineering,B.Tech,2025,"Kochi, Kerala",English | Malayalam | Hindi,linkedin.com/in/kavya-menon-cv,github.com/kavyamenon,,Full-time Internship,Bangalore | Kochi | Remote,Computer Vision Engineer Intern | AI Research Intern | Deep Learning Intern,True,False,Python | PyTorch | TensorFlow | OpenCV | YOLO | Detectron2 | MLflow | Docker,"{""title"": ""Real-time Pothole Detection for Smart Roads"", ""description"": ""YOLOv8 model deployed on Raspberry Pi achieving 23fps, covered in IEEE conference"", ""tech_stack"": [""Python"", ""YOLOv8"", ""OpenCV"", ""Raspberry Pi"", ""MQTT""]} | {""title"": ""Retail Shelf Analytics"", ""description"": ""Computer vision pipeline for product placement compliance monitoring"", ""tech_stack"": [""PyTorch"", ""Detectron2"", ""FastAPI"", ""Redis""]}",NVIDIA Jetson AI Developer Certificate | OpenCV Bootcamp | PyTorch for Deep Learning - Udemy,kavyamenon,29,198,543,,,,kavyamenon,Expert,7,NVIDIA | OpenCV,40000-65000,88,85,77,91,Advanced,Hardware-Software Integration | Technical Paper Writing | Rapid Iteration | Dataset Curation,kaggle.com/kavyamenon,,,,,,,,,,,,,,,,,
24,Saurabh Mishra,saurabh.m@mait.ac.in,Male,+91-8123456789,Maharaja Agrasen Institute of Technology,Computer Science,B.Tech,2026,"Delhi, NCR",English | Hindi,linkedin.com/in/saurabhmishra,github.com/saurabhmishra,,Summer Internship,Delhi NCR | Remote,Web Developer Intern | React Intern | Frontend Intern,False,True,React.js | JavaScript | HTML/CSS | Bootstrap | Firebase | Git,"{""title"": ""Job Board Platform"", ""description"": ""React-based job portal with Firebase backend and real-time notifications"", ""tech_stack"": [""React"", ""Firebase"", ""Tailwind CSS""]} | {""title"": ""Weather Dashboard"", ""description"": ""Weather app with 7-day forecast and location detection"", ""tech_stack"": [""React"", ""OpenWeatherAPI"", ""CSS Modules""]}",Udemy React Complete Guide | HackerRank JavaScript Basic,saurabhmishra,17,34,267,saurabh_m,112,1298,,,,Udemy | HackerRank,12000-20000,69,64,72,67,Beginner,Resourcefulness | Self-paced Learning | Adaptability | Team Work,,,,,,,,,,,,,,,,,,
25,Lakshmi Subramaniam,lakshmi.sub@ssn.edu.in,Female,+91-9456789012,SSN College of Engineering,Information Technology,B.E.,2026,"Chennai, Tamil Nadu",English | Tamil | Hindi,linkedin.com/in/lakshmi-sub-data,github.com/lakshmisub,,Summer Internship,Chennai | Bangalore | Remote,Data Engineer Intern | Analytics Engineer Intern | Data Analyst Intern,True,False,Python | Apache Spark | dbt | Airflow | Snowflake | PostgreSQL | Tableau | BigQuery,"{""title"": ""Real-time Cricket Analytics Pipeline"", ""description"": ""Streaming data pipeline with Kafka + Spark processing ball-by-ball data for 50+ matches"", ""tech_stack"": [""Apache Kafka"", ""Spark"", ""PostgreSQL"", ""Grafana""]} | {""title"": ""E-commerce Data Warehouse"", ""description"": ""dbt-powered data warehouse with 20+ transformation models and automated testing"", ""tech_stack"": [""dbt"", ""Snowflake"", ""Airflow"", ""Python""]}",dbt Analytics Engineering Certification | Databricks Lakehouse Fundamentals | Google Cloud Professional Data Engineer (in progress),lakshmisub,24,112,445,,,,,,,dbt Labs | Databricks | Google Cloud,30000-50000,85,80,82,86,Intermediate,Data Pipeline Thinking | Documentation | Cross-team Communication | Problem Decomposition,,,,,,,,,,medium.com/@lakshmisub,,,,,,,,
26,Yash Patel,yash.patel@daiict.ac.in,Male,+91-7567890123,DAIICT Gandhinagar,ICT with Minor in Computational Science,B.Tech,2025,"Gandhinagar, Gujarat",English | Gujarati | Hindi,linkedin.com/in/yashpatel-gfg,github.com/yashpatel-dev,yashpatel.vercel.app,Full-time Internship,Ahmedabad | Bangalore | Remote,Full Stack Developer Intern | Software Engineer Intern | Tech Lead Intern,True,False,MERN Stack | Next.js | GraphQL | Python | PostgreSQL | Redis | Docker | AWS,"{""title"": ""Real-time Collaborative Whiteboard"", ""description"": ""Figma-like collaborative tool with 10+ participants, WebRTC + WebSocket, 1K daily active users"", ""tech_stack"": [""Next.js"", ""Socket.io"", ""WebRTC"", ""Node.js"", ""Redis""]} | {""title"": ""AI Code Review Bot"", ""description"": ""GitHub App using GPT-4 API for automated PR reviews; 200+ repositories installed"", ""tech_stack"": [""Node.js"", ""OpenAI API"", ""GitHub API"", ""AWS Lambda""]}",AWS Certified Developer Associate | MongoDB Developer Path | GraphQL Certification - Apollo,yashpatel-dev,63,712,1289,yash_p,467,2015,,,,AWS | MongoDB | Apollo,50000-80000,91,93,85,90,Advanced,Entrepreneurial Mindset | Technical Leadership | Community Building | Rapid Execution,,,,,,,,,,,,,,,,,,
27,Riya Aggarwal,riya.aggarwal@gmail.com,Female,,Delhi University - NSIT,Computer Engineering,B.E.,2026,"Delhi, NCR",English | Hindi,linkedin.com/in/riya-aggarwal-nsit,,,Part-time Remote Internship,Remote,Python Developer Intern | Data Science Intern,False,False,Python | Pandas | NumPy | SQL | Matplotlib,"{""title"": ""Netflix Recommendation System"", ""description"": ""Collaborative filtering recommender achieving 0.89 cosine similarity"", ""tech_stack"": [""Python"", ""Scikit-learn"", ""Pandas"", ""Streamlit""]}",Kaggle Python Certificate | Kaggle Data Cleaning Certificate,riya-aggarwal,9,14,119,,,,riyaaggarwal,Contributor,2,Kaggle,10000-18000,73,65,74,68,Beginner,Curiosity | Self-motivated | Organized | Detail-oriented,,,,,,,,,,,,,,,,,,
28,Arjun Suresh,arjunsuresh@cet.ac.in,Male,+91-9567890124,College of Engineering Trivandrum,Computer Science & Engineering,B.Tech,2025,"Thiruvananthapuram, Kerala",English | Malayalam,linkedin.com/in/arjunsuresh-gsoc,github.com/arjunsuresh,,Open Source / Research Internship,Remote | Bangalore | US (Remote),Open Source Developer Intern | ML Systems Intern | HPC Engineer Intern,True,False,C | C++ | Python | LLVM | MLIR | CUDA | OpenCL | CMake | Linux Kernel,"{""title"": ""GSoC 2024 - LLVM MLIR Dialect Extension"", ""description"": ""Contributed 15 PRs to LLVM project; new MLIR dialect for hardware-accelerated ML ops"", ""tech_stack"": [""LLVM"", ""MLIR"", ""C++"", ""Python""]} | {""title"": ""Tiny ML Inference Engine"", ""description"": ""From-scratch neural network inference engine in C with SIMD optimizations, 3x faster than TFLite on ARM"", ""tech_stack"": [""C"", ""ARM NEON"", ""Python"", ""CMake""]}",Google Summer of Code 2024 Mentor Certificate | NVIDIA CUDA Programming Certificate,arjunsuresh,44,623,1456,,,,,,,GSoC | NVIDIA,60000-100000,95,97,80,96,Advanced,Low-level Thinking | Open Source Collaboration | Code Optimization | Independent Research,,,,,,,,,,,,,,,,,,
29,Pallavi Jain,pallavi.jain@poornima.edu.in,Female,+91-8678901234,Poornima College of Engineering,Computer Science,B.Tech,2026,"Jaipur, Rajasthan",English | Hindi | Rajasthani,linkedin.com/in/pallavijain-pm,,,Summer Internship,Jaipur | Remote,Product Manager Intern | Scrum Master Intern | Operations Intern,False,True,JIRA | Confluence | Agile/Scrum | SQL (Intermediate) | Stakeholder Management | Excel | PowerPoint,"{""title"": ""Smart College Attendance System"", ""description"": ""Designed and PM'd a QR code attendance system deployed in 3 departments"", ""tech_stack"": [""Notion"", ""Figma"", ""JIRA""]} | {""title"": ""Alumni Connect Portal - PRD"", ""description"": ""Comprehensive PRD for college alumni networking platform with monetization model"", ""tech_stack"": [""Notion"", ""Figma""]}",Scrum.org PSM I | Google Project Management Certificate,,,,,,,,,,,Scrum.org | Google,15000-25000,78,39,88,74,Beginner,Stakeholder Communication | Prioritization | Meeting Facilitation | Conflict Resolution,,,,,,,,,,,,,,,,,,
30,Dhruv Malviya,dhruv.malviya@iiti.ac.in,Male,+91-9789012345,IIT Indore,Computer Science & Engineering,B.Tech,2025,"Indore, Madhya Pradesh",English | Hindi,linkedin.com/in/dhruvmalviya,github.com/dhruvmalviya,dhruvmalviya.com,Full-time Internship,Bangalore | Mumbai | Remote,ML Platform Engineer Intern | AI Infrastructure Intern | Research Engineer Intern,True,False,Python | PyTorch | MLflow | Kubeflow | Ray | Triton Inference Server | Docker | Kubernetes,"{""title"": ""ML Experiment Tracking Platform"", ""description"": ""Open-source alternative to Weights & Biases with 400+ GitHub stars"", ""tech_stack"": [""Python"", ""FastAPI"", ""React"", ""PostgreSQL"", ""Docker""]} | {""title"": ""Federated Learning Framework for Healthcare"", ""description"": ""Privacy-preserving FL system enabling multi-hospital model training without data sharing"", ""tech_stack"": [""PyTorch"", ""Flower"", ""gRPC"", ""Docker""]}",MLflow Certified Practitioner | Kubeflow Pipelines Certification,dhruvmalviya,38,534,1123,dhruv_m,378,1956,,,,MLflow | Kubeflow,55000-90000,93,89,84,93,Advanced,MLOps Mindset | Open Source Leadership | Research-to-Production | Systems Thinking,,,,,,,,,,,,,,,,,,
31,Keerthi Varma,keerthi.varma@kluniversity.in,Female,+91-8890123456,KL University,Computer Science,B.Tech,2026,"Vijayawada, Andhra Pradesh",English | Telugu | Hindi,linkedin.com/in/keerthi-varma-design,,keerthivarma.design,Summer Internship,Hyderabad | Bangalore | Remote,UI Designer Intern | Motion Designer Intern | Brand Designer Intern,True,True,Figma | Adobe Illustrator | After Effects | Lottie Animations | Spline 3D | Design Systems | Branding,"{""title"": ""EdTech App UI Kit"", ""description"": ""Complete UI kit with 80+ components published on Figma Community with 2.5K duplicates"", ""tech_stack"": [""Figma"", ""FigJam""]} | {""title"": ""Startup Brand Identity - 5 Clients"", ""description"": ""Complete visual identity for 5 startups including logo, typography, brand guidelines"", ""tech_stack"": [""Illustrator"", ""Figma"", ""After Effects""]}",Adobe Certified Professional - Illustrator | Motionista - Motion Design Bootcamp,,,,,,,,,,,Adobe,15000-28000,71,22,88,85,Intermediate,Visual Creativity | Brand Sensitivity | Client Management | Aesthetic Judgment,,,,,,behance.net/keerthivarma,,,,,,,,,,,,
32,Aditya Saxena,adityasaxena@iiit-h.ac.in,Male,+91-9012345679,IIIT Hyderabad,Computer Science & Engineering,B.Tech,2025,"Hyderabad, Telangana",English | Hindi,linkedin.com/in/adityasaxena-iiith,github.com/adityasaxena,,Research Internship / Pre-PhD,USA | Singapore | Remote | Hyderabad,NLP Research Intern | LLM Pre-training Intern | AI Safety Researcher,True,False,Python | JAX | PyTorch | Transformers | RLHF | Constitutional AI | Distributed Training | Megatron-LM,"{""title"": ""Multilingual Instruction Tuning for Indic Languages"", ""description"": ""Fine-tuned LLaMA-3 on 50K curated Indic language pairs; 18% improvement on IndicGLUE"", ""tech_stack"": [""PyTorch"", ""HuggingFace"", ""DeepSpeed"", ""Wandb""]} | {""title"": ""Reward Model for Code Quality"", ""description"": ""RLHF reward model for code quality assessment, integrated with CodeLlama"", ""tech_stack"": [""JAX"", ""HuggingFace"", ""TRL"", ""AWS""]}",Stanford CS224N (Certificate of Completion) | CMU NLP Summer School 2024,adityasaxena,41,892,1678,,,,,,,Stanford | CMU | arXiv,70000-120000,97,94,86,97,Advanced,Research Innovation | Scientific Writing | Literature Review | Collaborative Rigor,,,,,,,,,,,scholar.google.com/citations?user=adityasaxena,2,34,,,,,
33,Simran Kaur,simrankaur@ptu.ac.in,Female,+91-9112233445,Punjab Technical University,Computer Science,B.Tech,2026,"Ludhiana, Punjab",English | Hindi | Punjabi,linkedin.com/in/simrankaur-cyber,,,Summer Internship,Remote | Chandigarh | Delhi,Cybersecurity Intern | Network Security Intern | IT Audit Intern,False,False,Network Security | Firewalls | Linux | Python (Basic) | Nmap | Wireshark | ISO 27001 Basics,"{""title"": ""College Network Security Audit"", ""description"": ""Performed security audit for college LAN, identified 12 critical misconfigurations"", ""tech_stack"": [""Nmap"", ""Wireshark"", ""Nessus (Trial)""]}",CompTIA Network+ | Cisco CCNA (In Progress),simrankaur-sec,7,8,67,,,,,,,CompTIA | Cisco,12000-22000,74,45,76,72,Beginner,Methodical Approach | Report Writing | Compliance Awareness | Integrity,,,,,,,,,,,,,,,,,,
34,Chirag Bhatt,chirag.bhatt@svnit.ac.in,Male,+91-9223344556,Sardar Vallabhbhai NIT Surat,Computer Science & Engineering,B.Tech,2025,"Surat, Gujarat",English | Gujarati | Hindi,linkedin.com/in/chiragbhatt-gcp,github.com/chiragbhatt,,Full-time Internship,Bangalore | Ahmedabad | Remote,Cloud Data Engineer Intern | GCP Solutions Intern | Analytics Engineer Intern,True,False,Google Cloud Platform | BigQuery | Dataflow | Pub/Sub | Cloud Functions | Python | SQL | Looker Studio,"{""title"": ""GCP-based Social Media Analytics Pipeline"", ""description"": ""Streaming pipeline ingesting Twitter/Reddit data into BigQuery for sentiment analysis"", ""tech_stack"": [""GCP Pub/Sub"", ""Dataflow"", ""BigQuery"", ""Python"", ""Looker Studio""]} | {""title"": ""Serverless Image Classification API"", ""description"": ""Cloud Run + Vertex AI pipeline for automated product image tagging"", ""tech_stack"": [""Cloud Run"", ""Vertex AI"", ""Cloud Storage"", ""Python""]}",GCP Associate Cloud Engineer | Google Professional Data Engineer,chiragbhatt,31,156,567,,,,,,,Google Cloud,35000-55000,84,78,80,87,Intermediate,Cloud Architecture Thinking | Cost Optimization Mindset | Documentation | Cross-team Coordination,,,,,,,,,,,,,,,,,,
35,Priyanka Nambiar,priyanka.n@mes.ac.in,Female,+91-8334455667,MES College of Engineering,Information Technology,B.Tech,2026,"Kochi, Kerala",English | Malayalam,linkedin.com/in/priyankanambiar,,,Part-time Remote,Remote | Kochi,Content Strategist Intern | Technical Writer Intern | Social Media Intern,False,True,Technical Writing | Content Strategy | WordPress | SEO | Canva | Social Media Management | Email Marketing,"{""title"": ""Tech Blog - 5K Monthly Readers"", ""description"": ""Runs a technical blog covering Python, ML, and career advice with 5K monthly readers"", ""tech_stack"": [""WordPress"", ""Ahrefs"", ""Canva""]} | {""title"": ""Social Media Campaign for NGO"", ""description"": ""Led digital marketing campaign reaching 50K impressions for local literacy NGO"", ""tech_stack"": [""Canva"", ""Meta Business Suite"", ""Google Analytics""]}",HubSpot Content Marketing Certificate | Google Digital Marketing Fundamentals,,,,,,,,,,,HubSpot | Google,10000-18000,73,18,93,62,Beginner,Writing Clarity | Audience Empathy | Content Planning | SEO Awareness,,,,,,,,,,,,,,,,,,
36,Abhinav Kumar,abhinav.kumar@nit.ac.in,Male,+91-9445566778,NIT Patna,Computer Science & Engineering,B.Tech,2025,"Patna, Bihar",English | Hindi | Bhojpuri,linkedin.com/in/abhinavkumar-cp,github.com/abhinavkumar,,Full-time Internship,Bangalore | Hyderabad | Pune | Remote,Software Engineer Intern | Backend Intern | Platform Engineer Intern,True,False,C++ | Python | Algorithms | Data Structures | System Design | Java | SQL,"{""title"": ""Mini Database Engine"", ""description"": ""Built a B+ Tree based storage engine supporting SQL-like queries in C++"", ""tech_stack"": [""C++"", ""File I/O"", ""B+ Trees""]} | {""title"": ""Competitive Programming Tutorial Series"", ""description"": ""YouTube + blog series with 8K subscribers covering CP techniques"", ""tech_stack"": [""C++"", ""Python"", ""LaTeX""]}",CodeChef 5-Star | Codeforces Master (2100+) | ICPC Regionalist 2023,abhinavkumar,29,231,412,abhinav_kumar,687,2287,,,,CodeChef | Codeforces | ICPC,50000-80000,94,98,72,88,Advanced,Algorithmic Thinking | Competitive Mindset | Mentoring | Content Creation,,,abhinav_k,2156,Master,,,,,,,,,codeforces.com/profile/abhinav_k,,,,
37,Jyoti Kumari,jyoti.kumari@reva.edu.in,Female,+91-8556677889,REVA University,Computer Science,B.Tech,2026,"Bangalore, Karnataka",English | Hindi | Kannada,linkedin.com/in/jyotikumari-dev,,,Summer Internship,Bangalore | Remote,Android Developer Intern | Mobile App Developer Intern,False,False,Android (Kotlin) | Jetpack Compose | Firebase | MVVM Architecture | Retrofit | Room DB,"{""title"": ""HabitBloom - Habit Tracker App"", ""description"": ""Published Android app with 500+ downloads on Play Store, 4.2 rating"", ""tech_stack"": [""Kotlin"", ""Jetpack Compose"", ""Firebase"", ""Room DB""]} | {""title"": ""Campus Bus Tracker"", ""description"": ""Real-time GPS bus tracking app for university, used by 2K+ students"", ""tech_stack"": [""Kotlin"", ""Google Maps API"", ""Firebase Realtime DB""]}",Google Associate Android Developer | Android Kotlin Fundamentals Codelab,jyotikumari-dev,19,87,312,,,,,,,Google,20000-35000,76,74,78,80,Intermediate,User-centric Mobile Design | App Store Optimization | Performance Profiling | Iterative Development,,,,,,,,,,,,,,,,,,
38,Tushar Pandey,tushar.pandey@galgotias.edu,Male,+91-9667788990,Galgotias University,Computer Science & Engineering,B.Tech,2026,"Greater Noida, UP",English | Hindi,,github.com/tusharpandey,,Any Internship,Delhi NCR | Remote,Software Developer Intern | IT Support Intern,False,True,C | C++ | Python (Basic) | HTML,"{""title"": ""Calculator App"", ""description"": ""Basic GUI calculator in Python using Tkinter"", ""tech_stack"": [""Python"", ""Tkinter""]}",NPTEL Introduction to C,tusharpandey,4,1,23,,,,,,,NPTEL,5000-12000,55,42,60,48,Beginner,Enthusiasm | Willingness to Learn | Punctuality,,,,,,,,,,,,,,,,,,
39,Akshata Patil,akshata.patil@walchand.org,Female,+91-8778899001,Walchand College of Engineering,Computer Engineering,B.E.,2025,"Sangli, Maharashtra",English | Marathi | Hindi,linkedin.com/in/akshatapatil-fullstack,github.com/akshatapatil,,Full-time Internship,Pune | Bangalore | Mumbai | Remote,Full Stack Developer Intern | Java Backend Intern | Software Engineer Intern,True,False,Java | Spring Boot | React.js | MongoDB | MySQL | REST APIs | Maven | Git,"{""title"": ""Online Learning Platform Backend"", ""description"": ""Scalable LMS backend with JWT auth, video streaming, and payment integration"", ""tech_stack"": [""Spring Boot"", ""MySQL"", ""Redis"", ""AWS S3""]} | {""title"": ""Expense Manager with Analytics"", ""description"": ""Full-stack expense tracker with AI-powered spending insights"", ""tech_stack"": [""React"", ""Spring Boot"", ""MongoDB"", ""Chart.js""]}",Spring Professional Certification | Oracle Java SE 17 Developer,akshatapatil,26,143,478,akshata_p,256,1634,,,,VMware Spring | Oracle,30000-50000,83,81,80,83,Intermediate,Full Ownership | Clean Code Principles | Test-driven Development | Proactive Communication,,,,,,,,,,,,,,,,,,
40,Farhan Sheikh,farhan.sheikh@uce.ac.in,Male,+91-9889900112,"University College of Engineering, Osmania",Computer Science,B.E.,2025,"Hyderabad, Telangana",English | Urdu | Hindi | Telugu,linkedin.com/in/farhan-sheikh-ds,github.com/farhansheikh,,Full-time Internship,Hyderabad | Bangalore | Remote,Data Scientist Intern | Machine Learning Intern | Analytics Intern,True,False,Python | Scikit-learn | XGBoost | LightGBM | SQL | Tableau | Pandas | Feature Engineering,"{""title"": ""Customer Lifetime Value Prediction"", ""description"": ""Ensemble model (XGBoost + LGBM) achieving 91% AUC, deployed as Flask API"", ""tech_stack"": [""Python"", ""XGBoost"", ""LightGBM"", ""Flask"", ""Heroku""]} | {""title"": ""Kaggle Competition - Top 5%"", ""description"": ""House Price Prediction: Top 5% rank using advanced feature engineering and stacking"", ""tech_stack"": [""Python"", ""Scikit-learn"", ""XGBoost"", ""Optuna""]}",Kaggle Feature Engineering Certificate | Kaggle ML Intermediate Certificate,farhansheikh,23,118,402,,,,farhansheikh,Expert,11,Kaggle,30000-50000,85,79,78,87,Intermediate,Data Intuition | Feature Creativity | Experimental Rigor | Result-orientation,kaggle.com/farhansheikh,,,,,,,,,,,,,,,,,
41,Mansi Trivedi,mansi.trivedi@pdpu.ac.in,Female,+91-8990011223,Pandit Deendayal Energy University,Computer Engineering,B.Tech,2026,"Gandhinagar, Gujarat",English | Gujarati | Hindi,linkedin.com/in/mansitrivedi-cloud,github.com/mansitrivedi,,Summer Internship,Ahmedabad | Bangalore | Remote,Azure Cloud Intern | DevOps Intern | Infrastructure Engineer Intern,True,False,Microsoft Azure | Azure DevOps | Terraform | Bicep | Python | PowerShell | GitHub Actions | Monitoring (Azure Monitor),"{""title"": ""Azure Landing Zone Automation"", ""description"": ""Bicep templates for enterprise-grade Azure landing zone with policy governance"", ""tech_stack"": [""Bicep"", ""Azure Policy"", ""Azure DevOps"", ""PowerShell""]} | {""title"": ""Multi-Region Disaster Recovery Setup"", ""description"": ""Automated DR solution with RTO < 15 minutes using Azure Site Recovery"", ""tech_stack"": [""Azure Site Recovery"", ""Terraform"", ""Python"", ""Logic Apps""]}",Azure Administrator AZ-104 | Azure DevOps Engineer Expert AZ-400,mansitrivedi,28,134,523,,,,,,,Microsoft Azure,30000-50000,82,75,80,86,Intermediate,Infrastructure Mindset | Governance Awareness | Documentation Excellence | Automation First,,,,,,,,,,,,,,,,,,
42,Rajat Sharma,rajatsharma@ipu.ac.in,Male,+91-9101122334,Guru Gobind Singh Indraprastha University,Information Technology,B.Tech,2026,"Delhi, NCR",English | Hindi,linkedin.com/in/rajat-sharma-hacking,github.com/rajatsharma-sec,,Summer Internship,Delhi NCR | Remote,Bug Bounty Researcher | Web Security Intern | Penetration Tester Intern,False,False,Web App Pentesting | Burp Suite | OWASP Top 10 | Python | JavaScript | SQL Injection | XSS | SSRF,"{""title"": ""Bug Bounty Hall of Fame"", ""description"": ""Found and responsibly disclosed 8 CVEs across HackerOne programs; $3,200 total bounties"", ""tech_stack"": [""Burp Suite"", ""Python"", ""Custom Scripts""]} | {""title"": ""OWASP WebGoat Labs Walkthrough Series"", ""description"": ""Detailed writeup series covering all OWASP labs with 3K readers"", ""tech_stack"": [""Kali Linux"", ""Burp Suite"", ""Docker""]}",eJPT - eLearnSecurity Junior Penetration Tester | HackerOne Top 10% Bug Bounty Hunter,rajatsharma-sec,21,189,334,,,,,,,eLearnSecurity | HackerOne,25000-45000,81,77,74,89,Intermediate,Security Research Mindset | Responsible Disclosure | Report Writing | Persistence,,,,,,,rajat_s,Hacker,14,,,,,,,,,
43,Aditi Banerjee,aditi.banerjee@technoIndia.edu,Female,+91-8212233445,Techno India University,Computer Science & Engineering,B.Tech,2026,"Kolkata, West Bengal",English | Bengali | Hindi,linkedin.com/in/aditi-banerjee-ux,,aditibanerjee.framer.website,Summer Internship,Kolkata | Bangalore | Remote,UX Designer Intern | Product Design Intern | Frontend Intern,True,True,Figma | User Research | HTML/CSS | Framer | Webflow | Notion | Design Thinking,"{""title"": ""Mental Health App UX - Empathy-first Design"", ""description"": ""UX research + design for mental health app targeting Gen Z; 3 rounds of usability testing"", ""tech_stack"": [""Figma"", ""Maze"", ""Dovetail""]} | {""title"": ""Personal Portfolio in Framer"", ""description"": ""Award-winning Framer portfolio with 1K+ Dribbble likes"", ""tech_stack"": [""Framer"", ""Figma""]}",Google UX Design Certificate | IDEO Design Thinking Certificate,aditibanerjee,10,42,187,,,,,,,Google | IDEO,18000-30000,77,51,91,82,Intermediate,Empathy | Visual Storytelling | Research Synthesis | Presentation Skills,,,,,,,,,,,,,,,,,,
44,Pranav Deshmukh,pranavdeshmukh@coep.ac.in,Male,+91-9323344556,COEP Technological University,Computer Engineering,B.Tech,2025,"Pune, Maharashtra",English | Marathi | Hindi,linkedin.com/in/pranav-deshmukh-mlops,github.com/pranavdeshmukh,,Full-time Internship,Pune | Bangalore | Remote,MLOps Engineer Intern | Data Engineer Intern | Platform Engineer Intern,True,False,Python | MLflow | DVC | Airflow | Spark | Docker | Kubernetes | CI/CD | Feature Stores,"{""title"": ""End-to-End ML Platform"", ""description"": ""Complete MLOps platform with feature store, model registry, and A/B testing for 10+ models"", ""tech_stack"": [""MLflow"", ""Feast"", ""Airflow"", ""Kubernetes"", ""FastAPI""]} | {""title"": ""Data Version Control for NLP Datasets"", ""description"": ""DVC pipeline managing 50GB+ NLP datasets with automatic lineage tracking"", ""tech_stack"": [""DVC"", ""Git"", ""Python"", ""S3""]}",Databricks ML Engineer Associate | Airflow Fundamentals by Astronomer,pranavdeshmukh,36,278,789,pranav_d,289,1756,,,,Databricks | Astronomer,40000-65000,88,85,80,89,Advanced,MLOps Culture Champion | Platform Thinking | Developer Experience Focus | Technical Writing,,,,,,,,,,,,,,,,,,
45,Shalini Rathore,,Female,+91-8434455667,Rajasthan Technical University,Computer Science,B.Tech,2026,"Kota, Rajasthan",Hindi | English,,,,Any,Jaipur | Remote,Data Entry | Web Developer Intern | Testing Intern,False,True,HTML | CSS | Basic Python | Excel | Manual Testing,,,,,,,,,,,,,,5000-10000,50,35,58,42,Beginner,Hardworking | Sincere | Dependable,,,,,,,,,,,,,,,,,,
46,Nitin Rajan,nitin.rajan@psgitech.ac.in,Male,+91-9545566778,PSG College of Technology,Computer Science & Engineering,B.E.,2025,"Coimbatore, Tamil Nadu",English | Tamil | Hindi,linkedin.com/in/nitin-rajan-iot,github.com/nitinrajan-iot,,Full-time Internship,Bangalore | Coimbatore | Remote,IoT Developer Intern | Embedded Systems Intern | Edge AI Intern,True,False,Python | C | Arduino | Raspberry Pi | MQTT | ESP32 | TensorFlow Lite | AWS IoT,"{""title"": ""Smart Irrigation System with Edge AI"", ""description"": ""ESP32 + TFLite model predicting water needs from soil sensor data, 40% water savings"", ""tech_stack"": [""ESP32"", ""TensorFlow Lite"", ""MQTT"", ""AWS IoT"", ""Python""]} | {""title"": ""Industrial Predictive Maintenance System"", ""description"": ""Vibration sensor ML pipeline for rotating machinery fault detection, won Smart India Hackathon"", ""tech_stack"": [""Python"", ""Raspberry Pi"", ""scikit-learn"", ""InfluxDB""]}",AWS IoT Core Specialty | TensorFlow Lite Microcontrollers (Coursera),nitinrajan-iot,33,201,567,,,,,,,AWS | Coursera,30000-50000,84,80,78,88,Intermediate,Hardware-Software Co-design | Prototyping | Hackathon Mindset | Resourcefulness,,,,,,,,,,,,,,,,,,
47,Deepika Yadav,deepikayadav@jnvu.edu.in,Female,+91-8656677889,JNV University,Computer Application,MCA,2025,"Jodhpur, Rajasthan",English | Hindi | Rajasthani,linkedin.com/in/deepika-yadav-mca,,,Full-time Internship,Jaipur | Delhi | Remote,Software Developer Intern | Database Intern | ERP Developer Intern,True,False,Java | Python | Oracle DB | SQL | PL/SQL | Crystal Reports | JSP/Servlet,"{""title"": ""Payroll Management System"", ""description"": ""Desktop-based payroll system handling 500+ employees for local manufacturing firm"", ""tech_stack"": [""Java"", ""Oracle DB"", ""JSP"", ""Crystal Reports""]} | {""title"": ""Inventory Control Module"", ""description"": ""Oracle Forms based inventory system integrated with existing ERP"", ""tech_stack"": [""Oracle Forms"", ""PL/SQL"", ""Oracle DB""]}",Oracle Database SQL Certified Associate | NIIT Java Developer,deepikayadav,8,5,78,,,,,,,Oracle | NIIT,18000-30000,72,66,72,74,Beginner,Reliability | Database Sensitivity | Client Orientation | Documentation,,,,,,,,,,,,,,,,,,
48,Varun Negi,varun.negi@upes.ac.in,Male,+91-9767788990,UPES Dehradun,Computer Science (Cybersecurity Specialization),B.Tech,2025,"Dehradun, Uttarakhand",English | Hindi | Garhwali,linkedin.com/in/varunnegi-cloud-sec,github.com/varunnegi,,Full-time Internship,Bangalore | Delhi | Remote,Cloud Security Intern | DevSecOps Intern | Security Engineer Intern,True,False,AWS Security | IAM | GuardDuty | Security Hub | Python | Terraform | SAST/DAST | Zero Trust Architecture,"{""title"": ""Automated Cloud Security Posture Management"", ""description"": ""Python tool auto-remediating 20+ AWS security findings using Lambda triggers"", ""tech_stack"": [""Python"", ""AWS Lambda"", ""Security Hub"", ""EventBridge""]} | {""title"": ""DevSecOps Pipeline Implementation"", ""description"": ""Complete CI/CD pipeline with SAST (SonarQube), DAST (OWASP ZAP), container scanning"", ""tech_stack"": [""GitHub Actions"", ""SonarQube"", ""OWASP ZAP"", ""Trivy""]}",AWS Security Specialty | Certified Cloud Security Professional (CCSP) | CompTIA CySA+,varunnegi,32,212,634,,,,,,,AWS | (ISC)² | CompTIA,40000-65000,86,80,79,91,Intermediate,Security-first Mindset | Compliance Awareness | Zero Trust Advocacy | Risk Assessment,,,,,,,,,,,,,,,,,,
49,Nalini Krishnaswamy,nalini.k@rvce.edu.in,Female,+91-8878899012,RV College of Engineering,Computer Science & Engineering,B.E.,2025,"Bangalore, Karnataka",English | Kannada | Tamil | Hindi,linkedin.com/in/nalini-k-genai,github.com/nalinik,,Full-time Internship,Bangalore | Remote,Generative AI Engineer Intern | LLM Application Developer Intern | AI Product Engineer Intern,False,False,"Python | LangChain | LlamaIndex | OpenAI API | Anthropic API | Vector DBs (Pinecone, Weaviate) | RAG Systems | Prompt Engineering | Streamlit | FastAPI","{""title"": ""Multi-agent Research Assistant"", ""description"": ""LangGraph-based multi-agent system for automated research paper discovery and synthesis"", ""tech_stack"": [""LangChain"", ""LangGraph"", ""OpenAI"", ""Arxiv API"", ""Pinecone""]} | {""title"": ""Enterprise Document Q&A with RAG"", ""description"": ""Production RAG system handling 10K+ documents, 98% query satisfaction, used by 500+ daily users"", ""tech_stack"": [""LlamaIndex"", ""Anthropic API"", ""Weaviate"", ""FastAPI"", ""React""]}",DeepLearning.AI LangChain Developer Certificate | Anthropic Claude Developer Certificate | AWS Bedrock Practitioner,nalinik,40,456,912,,,,,,,DeepLearning.AI | Anthropic | AWS,50000-80000,91,88,86,94,Advanced,GenAI Product Thinking | Prompt Engineering Mastery | Demo-driven Development | Community Engagement,,,,,,,,,,,,,,,huggingface.co/nalinik,8,12,1240
50,Kartik Bhardwaj,kartik.bhardwaj@dtu.ac.in,Male,+91-9989900123,Delhi Technological University,Software Engineering,B.Tech,2025,"Delhi, NCR",English | Hindi,linkedin.com/in/kartikbhardwaj,github.com/kartikbhardwaj,kartik.dev,Full-time Internship,Bangalore | Delhi | Singapore | Remote,Software Engineer Intern | Systems Engineer Intern | Platform Engineer Intern,True,False,Go | Rust | Python | gRPC | Protocol Buffers | Distributed Systems | Kafka | Cassandra | Kubernetes,"{""title"": ""Distributed Key-Value Store in Go"", ""description"": ""Raft consensus-based distributed KV store with strong consistency guarantees; 800+ GitHub stars"", ""tech_stack"": [""Go"", ""Raft Protocol"", ""gRPC"", ""Protocol Buffers""]} | {""title"": ""High Performance Message Queue in Rust"", ""description"": ""Custom message broker outperforming RabbitMQ by 2.3x in benchmark tests"", ""tech_stack"": [""Rust"", ""Tokio"", ""LMDB"", ""gRPC""]}",Linux Foundation CKAD | Go Developer Certification - JetBrains,kartikbhardwaj,49,1023,1567,kartik_b,578,2198,,,,Linux Foundation | JetBrains,60000-100000,95,97,83,95,Advanced,Systems Thinking | Performance Engineering | Technical Writing | Open Source Leadership,,,kartik_cf,1897,Candidate Master,,,,,,,,,,,,,
